{"MAE": 888.7016060901049, "RMSE": 1260.994855587248, "R2": 0.5218689279641372}